"Date","Time","Message","Media URLs"
"2026/06/09","08:00","Zu klein wirkt verloren, zu gross sprengt den Raum?

Spark 4: 43 Zoll in 4K – unser meistverkauftes Modell. Gross genug für Wirkung, kompakt genug für die meisten Räume.

👉 Ganzer Beitrag: https://www.meister-signage.ch/news/spark4-vielseitiger-bestseller/

#DigitalSignage #Schweiz #Display","https://www.meister-signage.ch/carousels/spark4-vielseitiger-bestseller-1.png,https://www.meister-signage.ch/carousels/spark4-vielseitiger-bestseller-2.png,https://www.meister-signage.ch/carousels/spark4-vielseitiger-bestseller-3.png,https://www.meister-signage.ch/carousels/spark4-vielseitiger-bestseller-4.png,https://www.meister-signage.ch/carousels/spark4-vielseitiger-bestseller-5.png"
"2026/06/13","08:00","Ihr Messestand geht in der Halle unter?

Digitale Displays, die Aufmerksamkeit ziehen – und wiederverwendbar sind. Agenda, Wegführung, Sponsoren – kurzfristig anpassbar, am Event und danach.

👉 Ganzer Beitrag: https://www.meister-signage.ch/news/digital-signage-events-tipps/

#DigitalSignage #Schweiz #Events","https://www.meister-signage.ch/carousels/digital-signage-events-tipps-1.png,https://www.meister-signage.ch/carousels/digital-signage-events-tipps-2.png,https://www.meister-signage.ch/carousels/digital-signage-events-tipps-3.png,https://www.meister-signage.ch/carousels/digital-signage-events-tipps-4.png,https://www.meister-signage.ch/carousels/digital-signage-events-tipps-5.png"
"2026/06/16","08:00","Hardware ab CHF 999 – und dann?

Transparente Gesamtkosten – ohne böse Überraschungen. Wir zeigen, was wirklich auf Sie zukommt, bevor Sie unterschreiben.

👉 Ganzer Beitrag: https://www.meister-signage.ch/news/digital-signage-kosten-schweiz/

#DigitalSignage #Schweiz #KMU","https://www.meister-signage.ch/carousels/digital-signage-kosten-schweiz-1.png,https://www.meister-signage.ch/carousels/digital-signage-kosten-schweiz-2.png,https://www.meister-signage.ch/carousels/digital-signage-kosten-schweiz-3.png,https://www.meister-signage.ch/carousels/digital-signage-kosten-schweiz-4.png,https://www.meister-signage.ch/carousels/digital-signage-kosten-schweiz-5.png"
"2026/06/20","08:00","Soll Ihr Schaufenster auch aus Distanz wirken?

Spark 5: 50 Zoll in 4K für Schaufenster & Empfangshallen. Maximale Präsenz, wo Wirkung über Distanz entscheidet.

👉 Ganzer Beitrag: https://www.meister-signage.ch/news/spark5-neues-modell/

#DigitalSignage #Schweiz #Display","https://www.meister-signage.ch/carousels/spark5-neues-modell-1.png,https://www.meister-signage.ch/carousels/spark5-neues-modell-2.png,https://www.meister-signage.ch/carousels/spark5-neues-modell-3.png,https://www.meister-signage.ch/carousels/spark5-neues-modell-4.png,https://www.meister-signage.ch/carousels/spark5-neues-modell-5.png"
"2026/06/23","08:00","Digital Signage mieten oder kaufen?

Die richtige Entscheidung hängt von Ihrem Einsatz ab – wir helfen. Dauerhaft spricht für Kauf, temporär für Miete. Der Teufel liegt im Detail.

👉 Ganzer Beitrag: https://www.meister-signage.ch/news/digital-signage-mieten-oder-kaufen/

#DigitalSignage #Schweiz #KMU","https://www.meister-signage.ch/carousels/digital-signage-mieten-oder-kaufen-1.png,https://www.meister-signage.ch/carousels/digital-signage-mieten-oder-kaufen-2.png,https://www.meister-signage.ch/carousels/digital-signage-mieten-oder-kaufen-3.png,https://www.meister-signage.ch/carousels/digital-signage-mieten-oder-kaufen-4.png,https://www.meister-signage.ch/carousels/digital-signage-mieten-oder-kaufen-5.png"
"2026/06/27","08:00","Drucken Sie Ihre Speisekarte noch jede Woche neu?

Digitale Menüboards: einmal einrichten, in Sekunden ändern. Tagesmenü, Preise, Aktionen – sofort aktuell, ohne Drucker.

👉 Ganzer Beitrag: https://www.meister-signage.ch/news/digital-signage-gastronomie-2026/

#DigitalSignage #Schweiz #Gastronomie #Menüboard","https://www.meister-signage.ch/carousels/digital-signage-gastronomie-2026-1.png,https://www.meister-signage.ch/carousels/digital-signage-gastronomie-2026-2.png,https://www.meister-signage.ch/carousels/digital-signage-gastronomie-2026-3.png,https://www.meister-signage.ch/carousels/digital-signage-gastronomie-2026-4.png,https://www.meister-signage.ch/carousels/digital-signage-gastronomie-2026-5.png"
"2026/06/30","08:00","Digital Signage – 2026 nicht mehr, was es mal war?

Fünf Trends, die den Einstieg für KMU einfacher machen. Günstiger, einfacher und risikoärmer als noch vor wenigen Jahren.

👉 Ganzer Beitrag: https://www.meister-signage.ch/news/was-ist-digital-signage/

#DigitalSignage #Schweiz #Trends","https://www.meister-signage.ch/carousels/was-ist-digital-signage-1.png,https://www.meister-signage.ch/carousels/was-ist-digital-signage-2.png,https://www.meister-signage.ch/carousels/was-ist-digital-signage-3.png,https://www.meister-signage.ch/carousels/was-ist-digital-signage-4.png,https://www.meister-signage.ch/carousels/was-ist-digital-signage-5.png"
"2026/07/04","08:00","Welches Display passt zu Ihrem Betrieb?

Vier Spark-Modelle für die häufigsten Einsätze – klar verglichen. Vom kompakten Menüboard bis zur Spezialinstallation.

👉 Ganzer Beitrag: https://www.meister-signage.ch/news/spark-sortiment-vergleich/

#DigitalSignage #Schweiz #Display","https://www.meister-signage.ch/carousels/spark-sortiment-vergleich-1.png,https://www.meister-signage.ch/carousels/spark-sortiment-vergleich-2.png,https://www.meister-signage.ch/carousels/spark-sortiment-vergleich-3.png,https://www.meister-signage.ch/carousels/spark-sortiment-vergleich-4.png,https://www.meister-signage.ch/carousels/spark-sortiment-vergleich-5.png"
"2026/07/07","08:00","Digitales Menüboard – und trotzdem keine Wirkung?

Richtig aufgesetzt schlägt ein Menüboard jede gedruckte Karte. Grösse, Kontrast, Schrift – wir machen es von Anfang an richtig.

👉 Ganzer Beitrag: https://www.meister-signage.ch/news/digitales-menueboard-vorteile/

#DigitalSignage #Schweiz #Gastronomie #Menüboard","https://www.meister-signage.ch/carousels/digitales-menueboard-vorteile-1.png,https://www.meister-signage.ch/carousels/digitales-menueboard-vorteile-2.png,https://www.meister-signage.ch/carousels/digitales-menueboard-vorteile-3.png,https://www.meister-signage.ch/carousels/digitales-menueboard-vorteile-4.png,https://www.meister-signage.ch/carousels/digitales-menueboard-vorteile-5.png"
"2026/07/14","08:00","Verbringen Sie die Sale-Saison wieder mit Plakatdruck?

Das ganze Marketingjahr einmal planen – Displays übernehmen den Rest. Inhalte hochladen, Zeitfenster setzen, fertig.

👉 Ganzer Beitrag: https://www.meister-signage.ch/news/digital-signage-retail/

#DigitalSignage #Schweiz #Retail #PointOfSale","https://www.meister-signage.ch/carousels/digital-signage-retail-1.png,https://www.meister-signage.ch/carousels/digital-signage-retail-2.png,https://www.meister-signage.ch/carousels/digital-signage-retail-3.png,https://www.meister-signage.ch/carousels/digital-signage-retail-4.png,https://www.meister-signage.ch/carousels/digital-signage-retail-5.png"
"2026/07/21","08:00","Empfang voller Aushänge und ausgedruckter Frühstückskarten?

Ein Display ersetzt Tafeln, Aushänge und Papierkarten. Begrüssung, Wegweisung, Tagesinfos – elegant an einem Ort.

👉 Ganzer Beitrag: https://www.meister-signage.ch/news/digital-signage-hotellerie/

#DigitalSignage #Schweiz #Hotellerie","https://www.meister-signage.ch/carousels/digital-signage-hotellerie-1.png,https://www.meister-signage.ch/carousels/digital-signage-hotellerie-2.png,https://www.meister-signage.ch/carousels/digital-signage-hotellerie-3.png,https://www.meister-signage.ch/carousels/digital-signage-hotellerie-4.png,https://www.meister-signage.ch/carousels/digital-signage-hotellerie-5.png"
"2026/07/28","08:00","Grosser Bildschirm für eine kleine Theke?

Spark 3: das 32-Zoll-Profi-Display ab CHF 1.299. Hinter der Theke, neben der Kasse, im Eingang – kompakt und stark.

👉 Ganzer Beitrag: https://www.meister-signage.ch/news/spark3-kompaktes-display/

#DigitalSignage #Schweiz #Display","https://www.meister-signage.ch/carousels/spark3-kompaktes-display-1.png,https://www.meister-signage.ch/carousels/spark3-kompaktes-display-2.png,https://www.meister-signage.ch/carousels/spark3-kompaktes-display-3.png,https://www.meister-signage.ch/carousels/spark3-kompaktes-display-4.png,https://www.meister-signage.ch/carousels/spark3-kompaktes-display-5.png"
"2026/08/04","08:00","Standard-Bildschirm im Querformat – schon wieder?

Spark Q+: 33 Zoll quadratisch für kreative Installationen. Gestalterische Freiheit, die im Markt selten ist.

👉 Ganzer Beitrag: https://www.meister-signage.ch/news/sparkq-quadratisches-display/

#DigitalSignage #Schweiz #Display","https://www.meister-signage.ch/carousels/sparkq-quadratisches-display-1.png,https://www.meister-signage.ch/carousels/sparkq-quadratisches-display-2.png,https://www.meister-signage.ch/carousels/sparkq-quadratisches-display-3.png,https://www.meister-signage.ch/carousels/sparkq-quadratisches-display-4.png,https://www.meister-signage.ch/carousels/sparkq-quadratisches-display-5.png"
"2026/08/11","08:00","Denken Sie, Digital Signage lohnt sich nur für grosse Ketten?

Ein einziges Display bringt schon spürbaren Mehrwert. Richtig eingesetzt rechnet es sich auch für kleine Betriebe.

👉 Ganzer Beitrag: https://www.meister-signage.ch/news/digital-signage-kmu/

#DigitalSignage #Schweiz #KMU","https://www.meister-signage.ch/carousels/digital-signage-kmu-1.png,https://www.meister-signage.ch/carousels/digital-signage-kmu-2.png,https://www.meister-signage.ch/carousels/digital-signage-kmu-3.png,https://www.meister-signage.ch/carousels/digital-signage-kmu-4.png,https://www.meister-signage.ch/carousels/digital-signage-kmu-5.png"