"Date","Time","Message","Media URLs","Title"
"2026/06/09","08:00","Zu klein wirkt verloren, zu gross sprengt den Raum?

Spark 4: 43 Zoll in 4K – unser meistverkauftes Modell. Gross genug für Wirkung, kompakt genug für die meisten Räume.

👉 Ganzer Beitrag: https://www.meister-signage.ch/news/spark4-vielseitiger-bestseller/

#DigitalSignage #Schweiz #Display","https://www.meister-signage.ch/carousels/spark4-vielseitiger-bestseller.pdf","Spark 4 – der 43-Zoll-Bestseller mit 4K"
"2026/06/13","08:00","Ihr Messestand geht in der Halle unter?

Digitale Displays, die Aufmerksamkeit ziehen – und wiederverwendbar sind. Agenda, Wegführung, Sponsoren – kurzfristig anpassbar, am Event und danach.

👉 Ganzer Beitrag: https://www.meister-signage.ch/news/digital-signage-events-tipps/

#DigitalSignage #Schweiz #Events","https://www.meister-signage.ch/carousels/digital-signage-events-tipps.pdf","5 Tipps für Digital Signage an Events und Messen"
"2026/06/16","08:00","Hardware ab CHF 999 – und dann?

Transparente Gesamtkosten – ohne böse Überraschungen. Wir zeigen, was wirklich auf Sie zukommt, bevor Sie unterschreiben.

👉 Ganzer Beitrag: https://www.meister-signage.ch/news/digital-signage-kosten-schweiz/

#DigitalSignage #Schweiz #KMU","https://www.meister-signage.ch/carousels/digital-signage-kosten-schweiz.pdf","Versteckte Kosten bei Digital Signage – worauf achten"
"2026/06/20","08:00","Soll Ihr Schaufenster auch aus Distanz wirken?

Spark 5: 50 Zoll in 4K für Schaufenster & Empfangshallen. Maximale Präsenz, wo Wirkung über Distanz entscheidet.

👉 Ganzer Beitrag: https://www.meister-signage.ch/news/spark5-neues-modell/

#DigitalSignage #Schweiz #Display","https://www.meister-signage.ch/carousels/spark5-neues-modell.pdf","Spark 5: Das 50-Zoll-Display für Schaufenster und Empfangshallen"
"2026/06/23","08:00","Digital Signage mieten oder kaufen?

Die richtige Entscheidung hängt von Ihrem Einsatz ab – wir helfen. Dauerhaft spricht für Kauf, temporär für Miete. Der Teufel liegt im Detail.

👉 Ganzer Beitrag: https://www.meister-signage.ch/news/digital-signage-mieten-oder-kaufen/

#DigitalSignage #Schweiz #KMU","https://www.meister-signage.ch/carousels/digital-signage-mieten-oder-kaufen.pdf","Mieten oder kaufen: 5 echte Praxisfälle aus Schweizer KMU"
"2026/06/27","08:00","Drucken Sie Ihre Speisekarte noch jede Woche neu?

Digitale Menüboards: einmal einrichten, in Sekunden ändern. Tagesmenü, Preise, Aktionen – sofort aktuell, ohne Drucker.

👉 Ganzer Beitrag: https://www.meister-signage.ch/news/digital-signage-gastronomie-2026/

#DigitalSignage #Schweiz #Gastronomie #Menüboard","https://www.meister-signage.ch/carousels/digital-signage-gastronomie-2026.pdf","Digitale Menüboards in der Gastronomie: Trend 2026"
"2026/06/30","08:00","Digital Signage – 2026 nicht mehr, was es mal war?

Fünf Trends, die den Einstieg für KMU einfacher machen. Günstiger, einfacher und risikoärmer als noch vor wenigen Jahren.

👉 Ganzer Beitrag: https://www.meister-signage.ch/news/was-ist-digital-signage/

#DigitalSignage #Schweiz #Trends","https://www.meister-signage.ch/carousels/was-ist-digital-signage.pdf","Digital Signage 2026: 5 Trends in der Schweiz"
"2026/07/04","08:00","Welches Display passt zu Ihrem Betrieb?

Vier Spark-Modelle für die häufigsten Einsätze – klar verglichen. Vom kompakten Menüboard bis zur Spezialinstallation.

👉 Ganzer Beitrag: https://www.meister-signage.ch/news/spark-sortiment-vergleich/

#DigitalSignage #Schweiz #Display","https://www.meister-signage.ch/carousels/spark-sortiment-vergleich.pdf","Spark-Sortiment im Vergleich – welches Modell passt?"
"2026/07/07","08:00","Digitales Menüboard – und trotzdem keine Wirkung?

Richtig aufgesetzt schlägt ein Menüboard jede gedruckte Karte. Grösse, Kontrast, Schrift – wir machen es von Anfang an richtig.

👉 Ganzer Beitrag: https://www.meister-signage.ch/news/digitales-menueboard-vorteile/

#DigitalSignage #Schweiz #Gastronomie #Menüboard","https://www.meister-signage.ch/carousels/digitales-menueboard-vorteile.pdf","Digitales Menüboard: 5 typische Fehler beim Setup"
"2026/07/14","08:00","Verbringen Sie die Sale-Saison wieder mit Plakatdruck?

Das ganze Marketingjahr einmal planen – Displays übernehmen den Rest. Inhalte hochladen, Zeitfenster setzen, fertig.

👉 Ganzer Beitrag: https://www.meister-signage.ch/news/digital-signage-retail/

#DigitalSignage #Schweiz #Retail #PointOfSale","https://www.meister-signage.ch/carousels/digital-signage-retail.pdf","Black Friday & Sale-Saison: Digital Signage planen"
"2026/07/21","08:00","Empfang voller Aushänge und ausgedruckter Frühstückskarten?

Ein Display ersetzt Tafeln, Aushänge und Papierkarten. Begrüssung, Wegweisung, Tagesinfos – elegant an einem Ort.

👉 Ganzer Beitrag: https://www.meister-signage.ch/news/digital-signage-hotellerie/

#DigitalSignage #Schweiz #Hotellerie","https://www.meister-signage.ch/carousels/digital-signage-hotellerie.pdf","Boutique-Hotel-Empfang: Digital Signage für unter 5 Zimmer"
"2026/07/28","08:00","Grosser Bildschirm für eine kleine Theke?

Spark 3: das 32-Zoll-Profi-Display ab CHF 1.299. Hinter der Theke, neben der Kasse, im Eingang – kompakt und stark.

👉 Ganzer Beitrag: https://www.meister-signage.ch/news/spark3-kompaktes-display/

#DigitalSignage #Schweiz #Display","https://www.meister-signage.ch/carousels/spark3-kompaktes-display.pdf","Spark 3 – das 32-Zoll-Einstiegs­display ab CHF 1.299"
"2026/08/04","08:00","Standard-Bildschirm im Querformat – schon wieder?

Spark Q+: 33 Zoll quadratisch für kreative Installationen. Gestalterische Freiheit, die im Markt selten ist.

👉 Ganzer Beitrag: https://www.meister-signage.ch/news/sparkq-quadratisches-display/

#DigitalSignage #Schweiz #Display","https://www.meister-signage.ch/carousels/sparkq-quadratisches-display.pdf","Spark Q+ – 33 Zoll quadratisch für kreative Installationen"
"2026/08/11","08:00","Denken Sie, Digital Signage lohnt sich nur für grosse Ketten?

Ein einziges Display bringt schon spürbaren Mehrwert. Richtig eingesetzt rechnet es sich auch für kleine Betriebe.

👉 Ganzer Beitrag: https://www.meister-signage.ch/news/digital-signage-kmu/

#DigitalSignage #Schweiz #KMU","https://www.meister-signage.ch/carousels/digital-signage-kmu.pdf","Digital Signage für KMU: mit einem Display starten"